cn,latin,aliases,confidence,source
伪垫刃属,Nothotylenchus,,seed-verified,user table 2026-09 (verified against Nemaplex)
茎属,Ditylenchus,,seed-verified,user table 2026-09 (verified against Nemaplex)
刺属,Belonolaimus,,seed-verified,user table 2026-09 (verified against Nemaplex)
那格尔属,Nagelus,,seed-verified,user table 2026-09 (verified against Nemaplex)
轮属,Criconemoides,Criconrmoides,seed-verified,user table 2026-09 (verified against Nemaplex)
半轮属,Hemicriconemoides,,seed-verified,user table 2026-09 (verified against Nemaplex)
鞘属,Hemicycliophora,,seed-verified,user table 2026-09 (verified against Nemaplex)
环属,Criconema,,seed-verified,user table 2026-09 (verified against Nemaplex)
短体属,Pratylenchus,,seed-verified,user table 2026-09 (verified against Nemaplex)
穿孔属,Radopholus,,seed-verified,user table 2026-09 (verified against Nemaplex)
潜根属,Hirschmanniella,,seed-verified,user table 2026-09 (verified against Nemaplex)
盘旋属,Rotylenchus,,seed-verified,user table 2026-09 (verified against Nemaplex)
螺旋属,Helicotylenchus,,seed-verified,user table 2026-09 (verified against Nemaplex)
拟盘旋属,Pararotylenchus,,seed-verified,user table 2026-09 (verified against Nemaplex)
垫刃属,Tylenchus,,seed-verified,user table 2026-09 (verified against Nemaplex)
剑尾垫刃属,Malenchus,,seed-verified,user table 2026-09 (verified against Nemaplex)
丝尾垫刃属,Filenchus,,seed-verified,user table 2026-09 (verified against Nemaplex)
具脊垫刃属,Coslenchus,,seed-verified,user table 2026-09 (verified against Nemaplex)
头垫刃属,Cephalenchus,,seed-verified,user table 2026-09 (verified against Nemaplex)
细纹垫刃属,Lelenchus,,seed-verified,user table 2026-09 (verified against Nemaplex)
叉针属,Boleodorus,,seed-verified,user table 2026-09 (verified against Nemaplex)
裸矛属,Psilenchus,,seed-verified,user table 2026-09 (verified against Nemaplex)
新平滑垫刃属,Neopsilenchus,,seed-verified,user table 2026-09 (verified against Nemaplex)
矮化属,Tylenchorhynchus,,seed-verified,user table 2026-09 (verified against Nemaplex)
克拉克属,Clarkus,,seed-verified,user table 2026-09 (verified against Nemaplex)
滑刃属,Aphelenchoides,,seed-verified,user table 2026-09 (verified against Nemaplex)
真滑刃属,Aphelenchus,,seed-verified,user table 2026-09 (verified against Nemaplex)
咽针属,Laimydorus,,seed-verified,user table 2026-09 (verified against Nemaplex)
扭沟属,Plectonchus,,seed-verified,user table 2026-09 (verified against Nemaplex)
畸头属,Teratocephalus,,seed-verified,user table 2026-09 (verified against Nemaplex)
浅腔属,Panagrellus,,seed-verified,user table 2026-09 (verified against Nemaplex)
拟鳗线属,Anguilluloides,,seed-verified,user table 2026-09 (verified against Nemaplex)
哈利头叶属,Halicephalobus,,seed-verified,user table 2026-09 (verified against Nemaplex)
三唇属,Trilabiatus,,seed-unresolved,user table 2026-09 (verified against Nemaplex)
头叶属,Cephalobus,,seed-verified,user table 2026-09 (verified against Nemaplex)
真头叶属,Eucephalobus,,seed-verified,user table 2026-09 (verified against Nemaplex)
拟丽突属,Acrobeloides,,seed-verified,user table 2026-09 (verified against Nemaplex)
板唇属,Chiloplacus,,seed-verified,user table 2026-09 (verified against Nemaplex)
丽突属,Acrobeles,,seed-verified,user table 2026-09 (verified against Nemaplex)
鹿角唇属,Cervidellus,,seed-verified,user table 2026-09 (verified against Nemaplex)
齿杆属,Odontorhabditis,,seed-unresolved,user table 2026-09 (verified against Nemaplex)
小杆属,Rhabditis,,seed-verified,user table 2026-09 (verified against Nemaplex)
原杆属,Protorhabditis,,seed-verified,user table 2026-09 (verified against Nemaplex)
中杆属,Mesorhabditis,,seed-verified,user table 2026-09 (verified against Nemaplex)
广杆属,Caenorhabditis,,seed-verified,user table 2026-09 (verified against Nemaplex)
异咽属,Poikilolaimus,,seed-verified,user table 2026-09 (verified against Nemaplex)
三等齿属,Pelodera,,seed-verified,user table 2026-09 (verified against Nemaplex)
伪双胃属,Pseudodiplogasteroides,,seed-verified,user table 2026-09 (verified against Nemaplex)
中轮属,Criconemoides,,seed-verified,user table 2026-09 (verified against Nemaplex)
单齿属,Mononchus,,seed-verified,user table 2026-09 (verified against Nemaplex)
锯齿属,Prionchulus,,seed-verified,user table 2026-09 (verified against Nemaplex)
伪杆咽属,Rhabditolaimus,Rhabdontolaimus,seed-verified,user table 2026-09 (verified against Nemaplex)
单宫属,Monhystera,,seed-verified,user table 2026-09 (verified against Nemaplex)
小单宫属,Monhystrella,,seed-verified,user table 2026-09 (verified against Nemaplex)
涎线属,Sinanema,,seed-verified,user table 2026-09 (verified against Nemaplex)
真单宫属,Eumonhystera,,seed-verified,user table 2026-09 (verified against Nemaplex)
野外垫刃属,Aglenchus,,seed-verified,user table 2026-09 (verified against Nemaplex)
垫咽属,Tylencholaimus,,seed-verified,user table 2026-09 (verified against Nemaplex)
狄咽属,Discolaimium,,seed-verified,user table 2026-09 (verified against Nemaplex)
大矛属,Enchodelus,Enchodelu,seed-verified,user table 2026-09 (verified against Nemaplex)
孔咽属,Aporcelaimus,,seed-verified,user table 2026-09 (verified against Nemaplex)
短矛属,Doryllium,,seed-verified,user table 2026-09 (verified against Nemaplex)
瘤咽属,Tylencholaimellus,,seed-verified,user table 2026-09 (verified against Nemaplex)
无咽属,Alaimus,,seed-verified,user table 2026-09 (verified against Nemaplex)
原细齿属,Proleptonchus,,seed-verified,user table 2026-09 (verified against Nemaplex)
毛刺属,Trichodorus,,seed-verified,user table 2026-09 (verified against Nemaplex)
中矛线属,Mesodorylaimus,,seed-verified,user table 2026-09 (verified against Nemaplex)
前矛线属,Prodorylaimus,,seed-verified,user table 2026-09 (verified against Nemaplex)
表矛线属,Epidorylaimus,,seed-verified,user table 2026-09 (verified against Nemaplex)
小矛线属,Microdorylaimus,,seed-verified,user table 2026-09 (verified against Nemaplex)
卡勃属,Cobbonchus,,seed-verified,user table 2026-09 (verified against Nemaplex)
穿咽属,Nygolaimus,,seed-verified,user table 2026-09 (verified against Nemaplex)
类矛线属,Amphidorylaimus,,seed-verified,user table 2026-09 (verified against Nemaplex)
膜皮属,Diphtherophora,,seed-verified,user table 2026-09 (verified against Nemaplex)
长针属,Longidorus,,seed-verified,user table 2026-09 (verified against Nemaplex)
剑属,Xiphinema,,seed-verified,user table 2026-09 (verified against Nemaplex)
矛线属,Dorylaimus,,seed-verified,user table 2026-09 (verified against Nemaplex)
拱唇属,Labronema,,seed-verified,user table 2026-09 (verified against Nemaplex)
真矛线属,Eudorylaimus,,seed-verified,user table 2026-09 (verified against Nemaplex)
类管咽属,Aulolaimoides,,seed-verified,user table 2026-09 (verified against Nemaplex)
颚针属,Belondira,,seed-verified,user table 2026-09 (verified against Nemaplex)
狭咽属,Discolaimium,,seed-verified,user table 2026-09 (verified against Nemaplex)
散香属,Boleodorus,Beleodorus,seed-verified,user table 2026-09 (verified against Nemaplex)
色矛属,Chromadorita,ChrPradorita,seed-verified,user table 2026-09 (verified against Nemaplex)
三孔属,Tripyla,,seed-verified,user table 2026-09 (verified against Nemaplex)
绕线属,Plectus,,seed-verified,user table 2026-09 (verified against Nemaplex)
无齿属,Anonchus,,seed-verified,user table 2026-09 (verified against Nemaplex)
角绕线属,Ceratoplectus,,seed-verified,user table 2026-09 (verified against Nemaplex)
唇绕线属,Chiloplectus,,seed-verified,user table 2026-09 (verified against Nemaplex)
威尔斯属,Wilsonema,,seed-verified,user table 2026-09 (verified against Nemaplex)
角咽属,Actinolaimus,,seed-verified,user table 2026-09 (verified against Nemaplex)
双胃属,Diplogaster,,seed-verified,user table 2026-09 (verified against Nemaplex)
后双胃属,Metadiplogaster,,seed-verified,user table 2026-09 (verified against Nemaplex)
管咽属,Aulolaimus,,seed-verified,user table 2026-09 (verified against Nemaplex)
类双胃属,Diplogasteroides,Diplogsteroides,seed-verified,user table 2026-09 (verified against Nemaplex)
肾状属,Rotylenchulus,Rotylenchus,seed-verified,user table 2026-09 (verified against Nemaplex)
棱咽属,Prismatolaimus,,seed-verified,user table 2026-09 (verified against Nemaplex)
小双胃属,Diplogastrellus,,seed-verified,user table 2026-09 (verified against Nemaplex)
嘴刺属,Enoploides,,seed-verified,user table 2026-09 (verified against Nemaplex)
针属,Paratylenchus,,seed-verified,user table 2026-09 (verified against Nemaplex)
短体长针属,Longidorella,,seed-verified,user table 2026-09 (verified against Nemaplex)
小剑属,Xiphinemella,,seed-verified,user table 2026-09 (verified against Nemaplex)
短针属,Brachydorus,Brachyderus,seed-verified,user table 2026-09 (verified against Nemaplex)
柄端球属,Paurodontus,,seed-verified,user table 2026-09 (verified against Nemaplex)
异球属,Stictylus,,seed-verified,user table 2026-09 (verified against Nemaplex)
齿咽属,Odontopharynx,Odotopharynx,seed-verified,user table 2026-09 (verified against Nemaplex)
盆咽属,Panagrolaimus,,seed-verified,user table 2026-09 (verified against Nemaplex)
短腔属,Brevibucca,,seed-verified,user table 2026-09 (verified against Nemaplex)
刺咽属,Belonolaimus,,seed-verified,user table 2026-09 (verified against Nemaplex)
盘腔属,Discomyctus,,seed-verified,user table 2026-09 (verified against Nemaplex)
盘咽属,Discolaimus,,seed-verified,user table 2026-09 (verified against Nemaplex)
锐咽属,Carcharolaimus,,seed-verified,user table 2026-09 (verified against Nemaplex)
缢咽属,Axonchium,,seed-verified,user table 2026-09 (verified against Nemaplex)
类缢咽属,Paraxonchium,,seed-verified,user table 2026-09 (verified against Nemaplex)
类隐咽属,Paraphanolaimus,,seed-verified,user table 2026-09 (verified against Nemaplex)
隐咽属,Aphanolaimus,,seed-verified,user table 2026-09 (verified against Nemaplex)
扁腔属,Sectonema,,seed-verified,user table 2026-09 (verified against Nemaplex)
拟杯咽属,Paracyatholaimus,,seed-verified,user table 2026-09 (verified against Nemaplex)
微咽属,Microlaimus,,seed-verified,user table 2026-09 (verified against Nemaplex)
小穿咽属,Nygolaimellus,,seed-verified,user table 2026-09 (verified against Nemaplex)
无孔小咽属,Aporcelaimellus,,seed-verified,user table 2026-09 (verified against Nemaplex)
峡瓣属,Swangeria,,seed-verified,user table 2026-09 (verified against Nemaplex)
高杯侧属,Amphidelus,,seed-verified,user table 2026-09 (verified against Nemaplex)
异双胃属,Diplogasteriana,,seed-verified,user table 2026-09 (verified against Nemaplex)
拟绕线属,Anaplectus,,seed-verified,user table 2026-09 (verified against Nemaplex)
瓣唇属,Panagrobelus,,seed-verified,user table 2026-09 (verified against Nemaplex)
钩唇属,Diploscapter,,seed-verified,user table 2026-09 (verified against Nemaplex)
突腔唇属,Ecphyadophora,,seed-verified,user table 2026-09 (verified against Nemaplex)
类突腔唇属,Tenunemellus,,seed-verified,user table 2026-09 (verified against Nemaplex)
供唇属,Labronema,,seed-verified,user table 2026-09 (verified against Nemaplex)
下齿属,Hypodontolaimus,,seed-verified,user table 2026-09 (verified against Nemaplex)
锉齿属,Mylonchulus,,seed-verified,user table 2026-09 (verified against Nemaplex)
螯属,Pungentus,,seed-verified,user table 2026-09 (verified against Nemaplex)
基齿属,Iotonchus,,seed-verified,user table 2026-09 (verified against Nemaplex)
倒齿属,Anatonchus,,seed-verified,user table 2026-09 (verified against Nemaplex)
独壁齿属,Campydora,,seed-verified,user table 2026-09 (verified against Nemaplex)
细齿属,Leptonchus,,seed-verified,user table 2026-09 (verified against Nemaplex)
原色矛属,Prochromadora,,seed-verified,user table 2026-09 (verified against Nemaplex)
单色矛属,Monochromadora,,seed-unresolved,user table 2026-09 (verified against Nemaplex)
异色矛属,Achromadora,,seed-verified,user table 2026-09 (verified against Nemaplex)
拟矛线属,Dorylaimoides,,seed-verified,user table 2026-09 (verified against Nemaplex)
等齿属,Miconchus,,seed-verified,user table 2026-09 (verified against Nemaplex)
长杆属,Dolichorhabditis,,seed-verified,user table 2026-09 (verified against Nemaplex)
明杆属,Rhabditophanes,,seed-verified,user table 2026-09 (verified against Nemaplex)
拟毛刺属,Paratrichodorus,,seed-verified,user table 2026-09 (verified against Nemaplex)
板环属,Placodira,,seed-verified,user table 2026-09 (verified against Nemaplex)
嗜腐属,Micoletzkya,,seed-verified,user table 2026-09 (verified against Nemaplex)
真畸头属,Euteratocephalus,,seed-verified,user table 2026-09 (verified against Nemaplex)
威尔疣线属,Wilsonema,Wilsotylus,seed-verified,user table 2026-09 (verified against Nemaplex)
金线属,Chrysonema,,seed-verified,user table 2026-09 (verified against Nemaplex)
图鲁玛那瓦属,Torumanawa,,seed-verified,user table 2026-09 (verified against Nemaplex)
齿腔属,Odontolaimus,,seed-verified,user table 2026-09 (verified against Nemaplex)
三裂体属,Trischistoma,,seed-verified,user table 2026-09 (verified against Nemaplex)
索努斯属,Thonus,,seed-verified,user table 2026-09 (verified against Nemaplex)
巴氏属,Bastiania,,seed-verified,user table 2026-09 (verified against Nemaplex)
张伯塞线虫属,Chambersiella,,seed-verified,user table 2026-09 (verified against Nemaplex)
根结属,Meloidogyne,,seed-verified,user table 2026-09 (verified against Nemaplex)
丝尾属,Oxydirus,,seed-verified,user table 2026-09 (verified against Nemaplex)
艾端属,Ereptonema,,seed-verified,user table 2026-09 (verified against Nemaplex)
异皮属,Heterodera,,seed-verified,user table 2026-09 (verified against Nemaplex)
钵盘属,Mylodiscus,,seed-verified,user table 2026-09 (verified against Nemaplex)
刻点属,Punctodora,,seed-verified,user table 2026-09 (verified against Nemaplex)
沟环属,Ogma,,seed-verified,user table 2026-09 (verified against Nemaplex)
地单宫属,Geomonhystera,,seed-verified,user table 2026-09 (verified against Nemaplex)
锥属,Dolichodorus,,seed-verified,user table 2026-09 (verified against Nemaplex)
拟桑尼属,Thorneella,,seed-verified,user table 2026-09 (verified against Nemaplex)
单棘属,Mononchulus,,seed-verified,user table 2026-09 (verified against Nemaplex)
沙丽属,Sarisodera,,seed-verified,user table 2026-09 (verified against Nemaplex)
伊龙属,Ironus,,seed-verified,user table 2026-09 (verified against Nemaplex)
托布利属,Tobrilus,,seed-verified,user table 2026-09 (verified against Nemaplex)
桑尼属,Thornia,,seed-verified,user table 2026-09 (verified against Nemaplex)
园顶属,Domorganus,,seed-verified,user table 2026-09 (verified against Nemaplex)
微线属,Micronema,,seed-unresolved,user table 2026-09 (verified against Nemaplex)
连胃属,Chronogaster,,seed-verified,user table 2026-09 (verified against Nemaplex)
大节片属,Mesocriconema,Macroposthonia,seed-verified,user table 2026-09 (verified against Nemaplex)
角头属,Tylocephalus,,seed-verified,user table 2026-09 (verified against Nemaplex)
威尔斯疣线属,Wilsonema,Wilsotylus,seed-verified,user table 2026-09 (verified against Nemaplex)
杆咽属,Rhabdolaimus,,seed-verified,user table 2026-09 (verified against Nemaplex)
异齿属,Judonchulus,Fudonchulus,seed-verified,user table 2026-09 (verified against Nemaplex)
巨宫属,Tylolaimophorus,,seed-verified,user table 2026-09 (verified against Nemaplex)
